501200249;Lê Võ Duy An;Việt Nam;987654321;levoduyan02@gmail.com;duyan;duyan2002;3
501200453;Kiều Kiều;Việt Nam;987654321;kieukieu@gmail.com;phuonglinh;dung171201;3
501200192;Nguyễn Khánh Duy;Việt Nam;987654322;nguyenkhanhduy@gmail.com;khanhduy;dung171201;3
501200989;Thiên Di;Việt Nam;987654323;thiendi@gmail.com;thaibao;dung171201;3
501200670;Thanh Duy;Việt Nam;987654324;thanhduy@gmail.com;diemkieu;dung171201;3
501200789;Thành Công;Việt Nam;987654325;thanhcong@gmail.com;kimngan;dung171201;3
501200120;Ngô Văn Dũng;Việt Nam;987654326;ngovandung@gmail.com;vandung;dung171201;3
501200321;Hữu Phú;Việt Nam;987654327;huuphu@gmail.com;duyphuong;dung171201;3
501200121;Kim Trọng;Việt Nam;987654328;kimtrong@gmail.com;thanhtra;dung171201;3
501200664;Thanh Nhã;Việt Nam;987654329;thanhnha@gmail.com;thanhnga;dung171201;3
